<keymap version="1" name="Default for macOS copy" parent="Mac OS X 10.5+">
  <action id="ChangesView.Diff" />
  <action id="CompareTwoFiles" />
  <action id="Console.TableResult.CloneRow" />
  <action id="DatabaseView.CopyAction" />
  <action id="Diff.ShowDiff" />
  <action id="EditorCutLineEnd" />
  <action id="EditorDeleteLine">
    <keyboard-shortcut first-keystroke="meta back_space" />
    <keyboard-shortcut first-keystroke="meta d" />
  </action>
  <action id="EditorDuplicate" />
  <action id="EditorEscape" />
  <action id="FileChooser.GotoDesktop" />
  <action id="FindInPath" />
  <action id="FindModal">
    <keyboard-shortcut first-keystroke="shift meta f" />
  </action>
  <action id="GotoChangedFile" />
  <action id="GotoClass" />
  <action id="GotoFile">
    <keyboard-shortcut first-keystroke="shift meta r" />
  </action>
  <action id="HideActiveWindow" />
  <action id="NavBar-cancel" />
  <action id="NextTab">
    <keyboard-shortcut first-keystroke="ctrl k" />
  </action>
  <action id="OpenFile">
    <keyboard-shortcut first-keystroke="meta o" />
  </action>
  <action id="PopupMenu-cancel" />
  <action id="PreviousTab">
    <keyboard-shortcut first-keystroke="ctrl j" />
  </action>
  <action id="QuickJavaDoc">
    <keyboard-shortcut first-keystroke="f1" />
    <mouse-shortcut keystroke="control button2" />
  </action>
  <action id="Refactorings.QuickListPopupAction" />
  <action id="ReplaceInPath" />
  <action id="RunDashboard.CopyConfiguration" />
  <action id="SendEOF" />
  <action id="SplitVertically">
    <keyboard-shortcut first-keystroke="shift meta s" />
  </action>
  <action id="Switcher">
    <keyboard-shortcut first-keystroke="ctrl t" />
  </action>
  <action id="Terminal.MoveToolWindowTabLeft" />
  <action id="Terminal.MoveToolWindowTabRight" />
  <action id="Terminal.OpenInTerminal">
    <keyboard-shortcut first-keystroke="shift escape" />
  </action>
  <action id="XDebugger.CopyWatch" />
  <action id="openAssertEqualsDiff" />
</keymap>