<keymap version="1" name="Xiangyue" parent="Mac OS X 10.5+">
  <action id="Arrangement.Rule.Remove">
    <keyboard-shortcut first-keystroke="delete" />
    <keyboard-shortcut first-keystroke="back_space" />
  </action>
  <action id="Back">
    <keyboard-shortcut first-keystroke="meta open_bracket" />
    <keyboard-shortcut first-keystroke="meta u" />
  </action>
  <action id="ChangesView.Diff" />
  <action id="CheckinProject" />
  <action id="CompareTwoFiles" />
  <action id="Console.TableResult.CloneRow" />
  <action id="Console.TableResult.NavigateAction">
    <keyboard-shortcut first-keystroke="f4" />
  </action>
  <action id="DatabaseView.CopyAction" />
  <action id="DatabaseView.PropertiesAction" />
  <action id="Diff.ShowDiff" />
  <action id="EditSource">
    <keyboard-shortcut first-keystroke="f4" />
  </action>
  <action id="EditorCutLineEnd" />
  <action id="EditorDeleteLine">
    <keyboard-shortcut first-keystroke="meta d" />
    <keyboard-shortcut first-keystroke="alt d" />
    <keyboard-shortcut first-keystroke="meta back_space" />
  </action>
  <action id="EditorDuplicate" />
  <action id="EditorNextWord">
    <keyboard-shortcut first-keystroke="alt right" />
    <keyboard-shortcut first-keystroke="meta k" />
  </action>
  <action id="EditorPreviousWord">
    <keyboard-shortcut first-keystroke="alt left" />
    <keyboard-shortcut first-keystroke="meta j" />
  </action>
  <action id="EditorTextEnd">
    <keyboard-shortcut first-keystroke="meta down" />
  </action>
  <action id="EditorTextStart">
    <keyboard-shortcut first-keystroke="meta up" />
  </action>
  <action id="FileChooser.GotoDesktop" />
  <action id="FindInPath" />
  <action id="FindModal">
    <keyboard-shortcut first-keystroke="shift meta f" />
  </action>
  <action id="Forward">
    <keyboard-shortcut first-keystroke="meta close_bracket" />
    <keyboard-shortcut first-keystroke="meta i" />
  </action>
  <action id="GotoChangedFile" />
  <action id="GotoClass" />
  <action id="GotoFile">
    <keyboard-shortcut first-keystroke="shift meta r" />
  </action>
  <action id="GotoSuperMethod" />
  <action id="HideActiveWindow" />
  <action id="InsertLiveTemplate" />
  <action id="Jdbc.RunSqlScript" />
  <action id="NextTab">
    <keyboard-shortcut first-keystroke="ctrl k" />
  </action>
  <action id="OpenFile">
    <keyboard-shortcut first-keystroke="meta o" />
  </action>
  <action id="PreviousTab">
    <keyboard-shortcut first-keystroke="ctrl j" />
  </action>
  <action id="QuickJavaDoc">
    <keyboard-shortcut first-keystroke="f1" />
    <mouse-shortcut keystroke="control button2" />
  </action>
  <action id="Refactorings.QuickListPopupAction" />
  <action id="ReplaceInPath" />
  <action id="RunClass" />
  <action id="RunDashboard.CopyConfiguration" />
  <action id="RunDashboard.RemoveConfiguration">
    <keyboard-shortcut first-keystroke="delete" />
    <keyboard-shortcut first-keystroke="back_space" />
  </action>
  <action id="RunDashboard.Run" />
  <action id="SearchEverywhere.NavigateToNextGroup">
    <keyboard-shortcut first-keystroke="page_down" />
  </action>
  <action id="SearchEverywhere.NavigateToPrevGroup">
    <keyboard-shortcut first-keystroke="page_up" />
  </action>
  <action id="SendEOF" />
  <action id="ServiceView.JumpToServices">
    <keyboard-shortcut first-keystroke="alt home" />
  </action>
  <action id="ShowNavBar">
    <keyboard-shortcut first-keystroke="alt home" />
  </action>
  <action id="SplitVertically">
    <keyboard-shortcut first-keystroke="shift meta s" />
  </action>
  <action id="Switcher">
    <keyboard-shortcut first-keystroke="ctrl t" />
  </action>
  <action id="Terminal.MoveToolWindowTabLeft" />
  <action id="Terminal.MoveToolWindowTabRight" />
  <action id="Terminal.OpenInTerminal">
    <keyboard-shortcut first-keystroke="meta t" />
  </action>
  <action id="Terminal.SwitchFocusToEditor">
    <keyboard-shortcut first-keystroke="ctrl y" />
  </action>
  <action id="UsageView.Exclude">
    <keyboard-shortcut first-keystroke="delete" />
    <keyboard-shortcut first-keystroke="back_space" />
  </action>
  <action id="Vcs.EditSource">
    <keyboard-shortcut first-keystroke="f4" />
  </action>
  <action id="Vcs.UpdateProject" />
  <action id="XDebugger.CopyWatch" />
  <action id="XDebugger.JumpToSource">
    <keyboard-shortcut first-keystroke="f4" />
  </action>
  <action id="XDebugger.RemoveWatch">
    <keyboard-shortcut first-keystroke="delete" />
    <keyboard-shortcut first-keystroke="back_space" />
  </action>
  <action id="openAssertEqualsDiff" />
</keymap>